Distance_(microns),Gray_Value
0.0000,550.000
0.0402,560.737
0.0804,573.981
0.1206,579.991
0.1608,552.618
0.2010,553.446
0.2412,579.360
0.2814,560.196
0.3216,562.900
0.3618,570.715
0.4020,572.742
0.4422,573.741
0.4824,568.815
0.5226,570.699
0.5628,582.348
0.6030,590.430
0.6432,593.475
0.6834,589.579
0.7236,576.960
0.7639,595.057
0.8041,574.357
0.8443,556.663
0.8845,564.993
0.9247,558.750
0.9649,569.627
1.0051,583.036
1.0453,584.540
1.0855,575.981
1.1257,567.174
1.1659,592.643
1.2061,585.560
1.2463,585.533
1.2865,580.749
1.3267,572.930
1.3669,595.601
1.4071,581.148
1.4473,592.216
1.4875,597.836
1.5277,595.559
1.5679,589.243
1.6081,587.719
1.6483,602.362
1.6885,601.544
1.7287,593.268
1.7689,585.990
1.8091,587.575
1.8493,594.714
1.8895,586.298
1.9297,589.127
1.9699,607.662
2.0101,598.355
2.0503,601.945
2.0905,625.158
2.1307,610.319
2.1709,601.000
2.2112,607.365
2.2514,615.652
2.2916,619.411
2.3318,621.410
2.3720,611.438
2.4122,615.440
2.4524,609.867
2.4926,612.316
2.5328,615.000
2.5730,607.297
2.6132,641.071
2.6534,634.642
2.6936,626.396
2.7338,609.572
2.7740,617.320
2.8142,624.000
2.8544,655.960
2.8946,651.956
2.9348,651.626
2.9750,661.925
3.0152,653.933
3.0554,659.364
3.0956,691.605
3.1358,715.719
3.1760,721.000
3.2162,711.371
3.2564,737.916
3.2966,737.589
3.3368,715.234
3.3770,721.694
3.4172,725.948
3.4574,688.794
3.4976,692.470
3.5378,695.866
3.5780,705.254
3.6182,740.921
3.6585,757.717
3.6987,782.068
3.7389,757.760
3.7791,730.846
3.8193,713.154
3.8595,699.571
3.8997,685.881
3.9399,670.219
3.9801,643.463
4.0203,651.150
4.0605,662.014
4.1007,662.329
4.1409,670.039
4.1811,680.691
4.2213,677.985
4.2615,656.308
4.3017,654.335
4.3419,661.330
4.3821,666.326
4.4223,681.289
4.4625,662.116
4.5027,691.426
4.5429,714.986
4.5831,759.649
4.6233,840.131
4.6635,936.640
4.7037,1071.171
4.7439,1198.040
4.7841,1185.718
4.8243,1092.675
4.8645,991.097
4.9047,877.384
4.9449,821.604
4.9851,791.778
5.0253,772.166
5.0655,760.176
5.1057,767.071
5.1460,756.738
5.1862,759.045
5.2264,801.988
5.2666,846.629
5.3068,910.494
5.3470,961.277
5.3872,1044.392
5.4274,1104.931
5.4676,1136.972
5.5078,1168.591
5.5480,1171.645
5.5882,1074.565
5.6284,985.173
5.6686,914.692
5.7088,853.102
5.7490,798.227
5.7892,760.773
5.8294,745.902
5.8696,717.541
5.9098,708.086
5.9500,686.873
5.9902,692.658
6.0304,712.234
6.0706,729.019
6.1108,738.527
6.1510,746.310
6.1912,741.807
6.2314,776.027
6.2716,817.232
6.3118,897.071
6.3520,1055.275
6.3922,1281.590
6.4324,1660.266
6.4726,1981.578
6.5128,2076.992
6.5530,1992.745
6.5933,1789.362
6.6335,1511.491
6.6737,1289.339
6.7139,1128.739
6.7541,1019.593
6.7943,892.738
6.8345,832.147
6.8747,806.936
6.9149,773.512
6.9551,738.612
6.9953,724.000
7.0355,733.823
7.0757,732.642
7.1159,716.977
7.1561,722.843
7.1963,744.438
7.2365,729.209
7.2767,715.828
7.3169,720.651
7.3571,703.554
7.3973,709.815
7.4375,704.422
7.4777,685.736
7.5179,689.464
7.5581,695.000
7.5983,685.955
7.6385,670.966
7.6787,683.646
7.7189,683.986
7.7591,680.799
7.7993,683.401
7.8395,671.631
7.8797,678.940
7.9199,674.080
7.9601,678.901
8.0003,681.262
8.0406,677.783
8.0808,687.312
8.1210,690.035
8.1612,698.066
8.2014,713.279
8.2416,713.094
8.2818,710.769
8.3220,733.205
8.3622,751.530
8.4024,771.624
8.4426,794.561
8.4828,840.671
8.5230,886.140
8.5632,904.844
8.6034,934.678
8.6436,958.245
8.6838,957.344
8.7240,944.119
8.7642,942.805
8.8044,980.623
8.8446,1066.366
8.8848,1158.408
8.9250,1210.321
8.9652,1221.847
9.0054,1191.633
9.0456,1129.747
9.0858,1023.049
9.1260,927.003
9.1662,896.855
9.2064,883.418
9.2466,883.138
9.2868,884.296
9.3270,844.115
9.3672,802.211
9.4074,779.639
9.4476,759.087
9.4878,739.803
9.5281,701.452
9.5683,677.435
9.6085,674.743
9.6487,683.704
9.6889,673.434
9.7291,669.113
9.7693,671.390
9.8095,656.915
9.8497,666.344
9.8899,663.239
9.9301,656.695
9.9703,658.100
10.0105,652.774
10.0507,647.666
10.0909,651.103
10.1311,665.419
10.1713,663.041
10.2115,649.475
10.2517,654.931
10.2919,653.634
10.3321,654.252
10.3723,659.901
10.4125,655.160
10.4527,660.765
10.4929,681.129
10.5331,691.454
10.5733,693.727
10.6135,700.902
10.6537,699.017
10.6939,663.040
10.7341,659.238
10.7743,678.000
10.8145,666.102
10.8547,669.501
10.8949,686.932
10.9351,696.846
10.9754,704.764
11.0156,714.980
11.0558,724.217
11.0960,729.142
11.1362,738.484
11.1764,729.519
11.2166,721.331
11.2568,745.162
11.2970,776.350
11.3372,800.145
11.3774,826.428
11.4176,865.341
11.4578,902.852
11.4980,931.773
11.5382,965.019
11.5784,987.734
11.6186,968.363
11.6588,932.314
11.6990,902.241
11.7392,861.376
11.7794,835.911
11.8196,856.419
11.8598,854.093
11.9000,850.154
11.9402,857.695
11.9804,842.226
12.0206,800.845
12.0608,749.881
12.1010,725.809
12.1412,735.455
12.1814,733.540
12.2216,730.327
12.2618,762.513
12.3020,793.265
12.3422,835.699
12.3824,886.930
12.4227,916.175
12.4629,916.348
12.5031,889.706
12.5433,881.133
12.5835,903.172
12.6237,900.825
12.6639,866.303
12.7041,827.837
12.7443,806.986
12.7845,803.492
12.8247,845.167
12.8649,924.585
12.9051,989.022
12.9453,987.523
12.9855,910.112
13.0257,846.560
13.0659,800.169
13.1061,761.056
13.1463,751.017
13.1865,741.576
13.2267,729.552
13.2669,720.560
13.3071,725.360
13.3473,754.182
13.3875,803.463
13.4277,844.786
13.4679,900.545
13.5081,992.451
13.5483,1065.373
13.5885,1121.717
13.6287,1137.922
13.6689,1118.115
13.7091,1084.910
13.7493,1055.936
13.7895,1052.201
13.8297,1061.923
13.8699,1103.086
13.9102,1147.276
13.9504,1183.326
13.9906,1230.722
14.0308,1262.043
14.0710,1256.222
14.1112,1210.450
14.1514,1134.565
14.1916,1061.484
14.2318,975.800
14.2720,913.308
14.3122,914.034
14.3524,942.448
14.3926,970.921
14.4328,986.292
14.4730,1007.323
14.5132,1034.654
14.5534,1034.343
14.5936,1026.242
14.6338,993.454
14.6740,968.602
14.7142,960.950
14.7544,986.059
14.7946,1043.409
14.8348,1060.517
14.8750,1059.010
14.9152,1022.618
14.9554,962.325
14.9956,962.499
15.0358,982.428
15.0760,992.292
15.1162,994.085
15.1564,998.025
15.1966,1017.226
15.2368,1027.536
15.2770,1085.540
15.3172,1195.669
15.3575,1251.306
15.3977,1276.878
15.4379,1231.186
15.4781,1134.105
15.5183,1101.647
15.5585,1137.944
15.5987,1199.691
15.6389,1270.353
15.6791,1337.230
15.7193,1406.136
15.7595,1543.700
15.7997,1700.107
15.8399,1779.850
15.8801,1761.715
15.9203,1639.690
15.9605,1551.587
16.0007,1459.659
16.0409,1279.203
16.0811,1160.468
16.1213,1090.260
16.1615,1013.757
16.2017,958.774
16.2419,920.772
16.2821,878.513
16.3223,866.211
16.3625,863.896
16.4027,848.105
16.4429,856.823
16.4831,867.670
16.5233,870.482
16.5635,927.385
16.6037,1057.764
16.6439,1216.505
16.6841,1236.025
16.7243,1126.879
16.7645,1025.654
16.8048,943.776
16.8450,946.301
16.8852,982.053
16.9254,1027.864
16.9656,1095.920
17.0058,1160.422
17.0460,1193.435
17.0862,1206.219
17.1264,1124.795
17.1666,1013.907
17.2068,930.281
17.2470,869.085
17.2872,836.737
17.3274,791.192
17.3676,774.304
17.4078,765.306
17.4480,762.162
17.4882,759.647
17.5284,774.466
17.5686,789.075
17.6088,825.880
17.6490,883.378
17.6892,938.906
17.7294,981.133
17.7696,1000.061
17.8098,984.161
17.8500,975.953
17.8902,980.907
17.9304,986.517
17.9706,979.048
18.0108,982.967
18.0510,962.983
18.0912,954.201
18.1314,975.371
18.1716,1001.196
18.2118,979.931
18.2520,925.946
18.2923,904.131
18.3325,921.327
18.3727,932.973
18.4129,976.567
18.4531,1079.880
18.4933,1189.684
18.5335,1299.586
18.5737,1334.164
18.6139,1266.972
18.6541,1162.010
18.6943,1035.654
18.7345,945.113
18.7747,883.037
18.8149,851.152
18.8551,818.000
18.8953,806.849
18.9355,792.837
18.9757,783.298
19.0159,760.293
19.0561,768.958
19.0963,779.284
19.1365,776.922
19.1767,770.033
19.2169,778.783
19.2571,795.948
19.2973,815.507
19.3375,823.264
19.3777,828.623
19.4179,812.142
19.4581,810.066
19.4983,862.355
19.5385,896.070
19.5787,914.418
19.6189,1002.865
19.6591,1090.647
19.6993,1195.229
19.7395,1347.430
19.7798,1508.212
19.8200,1592.332
19.8602,1650.708
19.9004,1694.444
19.9406,1706.394
19.9808,1766.991
20.0210,1806.313
20.0612,1690.488
20.1014,1466.844
20.1416,1320.096
20.1818,1270.772
20.2220,1235.004
20.2622,1205.345
20.3024,1161.984
20.3426,1076.538
20.3828,1039.557
20.4230,1073.688
20.4632,1149.502
20.5034,1302.026
20.5436,1557.007
20.5838,1645.073
20.6240,1544.475
20.6642,1414.427
20.7044,1361.407
20.7446,1330.075
20.7848,1259.682
20.8250,1150.656
20.8652,1022.051
20.9054,943.829
20.9456,897.687
20.9858,863.065
21.0260,861.850
21.0662,861.591
21.1064,891.620
21.1466,917.410
21.1868,941.690
21.2271,971.587
21.2673,951.147
21.3075,932.054
21.3477,930.224
21.3879,897.547
21.4281,872.007
21.4683,865.296
21.5085,831.969
21.5487,799.667
21.5889,798.003
21.6291,792.352
21.6693,788.970
21.7095,786.437
21.7497,765.329
21.7899,764.029
21.8301,755.739
21.8703,748.635
21.9105,749.717
21.9507,745.976
21.9909,752.545
22.0311,758.437
22.0713,752.939
22.1115,751.521
22.1517,735.498
22.1919,729.528
22.2321,741.480
22.2723,750.042
22.3125,750.229
22.3527,751.506
22.3929,742.099
22.4331,737.368
22.4733,741.360
22.5135,743.249
22.5537,720.117
22.5939,710.679
22.6341,714.610
22.6744,745.574
22.7146,734.272
22.7548,728.789
22.7950,735.000
22.8352,731.300
22.8754,721.770
22.9156,721.147
22.9558,727.530
22.9960,730.695
23.0362,730.304
23.0764,732.822
23.1166,731.245
23.1568,721.021
23.1970,725.288
23.2372,721.104
23.2774,724.201
23.3176,717.309
23.3578,712.789
23.3980,707.780
23.4382,698.756
23.4784,729.888
23.5186,726.393
23.5588,710.940
23.5990,708.935
23.6392,715.122
23.6794,721.176
23.7196,729.643
23.7598,704.614
23.8000,706.365
23.8402,701.933
23.8804,718.424
23.9206,706.944
23.9608,693.462
24.0010,721.714
24.0412,714.445
24.0814,700.842
24.1217,703.182
24.1619,694.957
24.2021,708.101
24.2423,707.848
24.2825,694.289
24.3227,717.193
24.3629,722.703
24.4031,707.610
24.4433,703.168
24.4835,705.147
24.5237,714.622
24.5639,707.976
24.6041,703.289
24.6443,713.640
24.6845,712.276
24.7247,704.066
24.7649,722.187
24.8051,712.164
24.8453,692.347
24.8855,699.493
24.9257,712.482
24.9659,714.788
25.0061,700.060
25.0463,709.220
25.0865,696.530
25.1267,700.640
25.1669,701.946
25.2071,689.724
25.2473,696.720
25.2875,688.392
25.3277,710.578
25.3679,690.479
25.4081,670.551
25.4483,679.898
25.4885,698.369
25.5287,704.851
25.5689,691.087
25.6092,707.329
25.6494,712.129
25.6896,694.315
25.7298,704.449
25.7700,692.780
25.8102,705.997
25.8504,704.750
