 ,Area,Circ.,AR,Round,Solidity
1,74.922,0.677,1.100,0.909,0.923
2,87.323,0.779,1.205,0.830,0.966
3,73.225,0.517,1.854,0.539,0.853
4,138.969,0.843,1.276,0.783,0.968
5,42.467,0.592,1.152,0.868,0.909
6,70.894,0.888,1.265,0.791,0.970
7,15.594,0.703,1.385,0.722,0.886
8,21.521,0.686,1.597,0.626,0.889
9,92.905,0.879,1.215,0.823,0.970
10,21.291,0.642,1.779,0.562,0.844
11,22.557,0.625,1.708,0.586,0.840
12,16.601,0.612,1.324,0.755,0.844
13,171.078,0.714,1.036,0.965,0.957
14,124.065,0.864,1.227,0.815,0.969
15,25.780,0.737,1.058,0.945,0.896
16,94.919,0.821,1.318,0.759,0.961
17,95.955,0.841,1.554,0.643,0.973
18,67.470,0.868,1.155,0.866,0.963
19,123.115,0.847,1.446,0.691,0.969
20,93.653,0.610,1.383,0.723,0.934
21,95.667,0.893,1.100,0.909,0.973
22,21.838,0.895,1.361,0.735,0.957
23,186.442,0.689,1.157,0.864,0.940
24,92.128,0.840,1.399,0.715,0.964
25,101.939,0.874,1.140,0.877,0.964
26,79.008,0.545,1.474,0.678,0.931
27,22.960,0.682,1.128,0.886,0.890
28,75.440,0.823,1.443,0.693,0.964
29,50.121,0.832,1.531,0.653,0.956
30,115.433,0.889,1.104,0.906,0.971
31,16.630,0.540,1.403,0.713,0.853
32,34.152,0.535,2.159,0.463,0.806
33,76.044,0.620,1.228,0.814,0.899
34,80.878,0.667,1.161,0.861,0.910
35,56.336,0.896,1.252,0.799,0.971
36,114.599,0.806,1.692,0.591,0.971
37,17.033,0.513,1.256,0.796,0.784
38,29.664,0.553,1.426,0.701,0.830
39,75.901,0.872,1.216,0.822,0.967
40,82.691,0.815,1.252,0.798,0.952
41,92.473,0.873,1.353,0.739,0.974
42,101.249,0.542,1.511,0.662,0.896
43,140.781,0.625,1.099,0.910,0.920
44,45.604,0.888,1.125,0.889,0.960
45,29.491,0.516,1.861,0.537,0.801
46,48.826,0.501,1.443,0.693,0.884
47,50.667,0.796,1.596,0.626,0.944
48,25.003,0.520,1.355,0.738,0.799
49,67.269,0.842,1.425,0.702,0.963
50,33.088,0.526,1.533,0.652,0.843
51,101.421,0.854,1.376,0.727,0.974
52,78.001,0.893,1.152,0.868,0.973
53,124.986,0.802,1.839,0.544,0.976
54,18.702,0.539,1.504,0.665,0.762
55,67.873,0.559,1.396,0.716,0.867
56,53.976,0.776,1.127,0.887,0.947
57,138.911,0.839,1.513,0.661,0.977
58,77.051,0.759,1.473,0.679,0.934
59,23.823,0.730,1.163,0.859,0.886
60,91.610,0.838,1.500,0.667,0.971
61,20.255,0.662,1.376,0.727,0.875
62,163.741,0.912,1.030,0.971,0.982
63,103.320,0.895,1.187,0.843,0.976
64,128.582,0.902,1.122,0.891,0.977
65,93.279,0.857,1.344,0.744,0.972
66,16.717,0.602,1.898,0.527,0.838
67,52.250,0.710,1.226,0.816,0.923
68,144.148,0.899,1.058,0.945,0.978
69,119.231,0.855,1.491,0.671,0.977
70,18.213,0.807,1.092,0.916,0.900
71,75.901,0.819,1.423,0.703,0.958
72,73.023,0.824,1.531,0.653,0.967
73,91.121,0.830,1.531,0.653,0.967
74,76.447,0.618,1.302,0.768,0.905
75,83.007,0.783,1.131,0.885,0.951
76,78.346,0.857,1.248,0.801,0.964
77,91.236,0.693,1.076,0.930,0.937
78,72.937,0.719,1.527,0.655,0.899
79,63.615,0.688,1.598,0.626,0.942
80,85.999,0.859,1.463,0.684,0.972
81,129.359,0.669,1.033,0.968,0.910
82,54.926,0.889,1.166,0.858,0.963
83,42.410,0.754,1.523,0.657,0.938
84,89.136,0.867,1.392,0.719,0.968
85,51.416,0.551,1.100,0.909,0.814
86,122.051,0.885,1.207,0.829,0.971
87,49.143,0.743,1.492,0.670,0.935
88,96.559,0.837,1.092,0.916,0.961
89,161.411,0.650,1.273,0.785,0.904
90,28.081,0.807,1.199,0.834,0.934
91,121.274,0.867,1.190,0.840,0.968
92,104.903,0.858,1.278,0.783,0.973
93,138.508,0.866,1.306,0.766,0.973
94,77.598,0.831,1.154,0.867,0.953
95,26.211,0.555,1.716,0.583,0.853
96,45.460,0.663,1.613,0.620,0.879
97,28.772,0.717,1.400,0.714,0.919
98,87.237,0.847,1.431,0.699,0.968
99,66.204,0.853,1.294,0.773,0.961
100,105.018,0.862,1.202,0.832,0.965
101,182.472,0.705,1.728,0.579,0.955
102,127.000,0.884,1.186,0.843,0.974
103,116.009,0.912,1.062,0.942,0.979
104,57.860,0.902,1.143,0.875,0.966
105,50.409,0.506,1.420,0.704,0.827
106,104.673,0.845,1.454,0.688,0.965
107,44.309,0.879,1.207,0.828,0.955
108,70.290,0.894,1.171,0.854,0.971
109,144.925,0.864,1.433,0.698,0.979
110,80.303,0.884,1.126,0.888,0.971
111,65.255,0.886,1.025,0.975,0.961
112,97.882,0.750,1.445,0.692,0.944
113,119.807,0.905,1.136,0.880,0.978
114,133.962,0.823,1.496,0.668,0.966
115,67.211,0.893,1.309,0.764,0.975
116,126.482,0.881,1.206,0.829,0.975
117,21.234,0.787,1.732,0.577,0.927
118,17.752,0.549,1.734,0.577,0.791
119,30.987,0.677,1.711,0.585,0.892
120,77.397,0.871,1.365,0.733,0.971
121,53.084,0.820,1.357,0.737,0.940
122,15.537,0.828,1.218,0.821,0.957
123,130.884,0.880,1.122,0.891,0.972
124,83.957,0.694,1.319,0.758,0.929
125,147.341,0.882,1.313,0.762,0.979
126,33.634,0.619,1.154,0.866,0.867
127,63.730,0.687,1.733,0.577,0.939
128,117.764,0.862,1.440,0.694,0.971
129,117.447,0.877,1.099,0.910,0.967
130,72.649,0.875,1.099,0.910,0.965
131,101.824,0.835,1.147,0.872,0.964
132,123.432,0.877,1.175,0.851,0.974
133,86.719,0.724,1.029,0.972,0.951
134,71.153,0.674,1.229,0.814,0.878
135,50.437,0.843,1.451,0.689,0.966
136,81.741,0.899,1.176,0.851,0.975
137,77.253,0.880,1.316,0.760,0.972
138,119.979,0.891,1.031,0.970,0.977
139,115.146,0.825,1.408,0.710,0.969
140,15.364,0.795,1.432,0.699,0.919
141,70.031,0.902,1.171,0.854,0.973
142,72.103,0.887,1.318,0.759,0.972
143,112.527,0.892,1.193,0.838,0.975
144,97.163,0.892,1.222,0.818,0.976
145,68.506,0.885,1.173,0.853,0.969
146,56.566,0.576,1.962,0.510,0.866
147,81.712,0.813,1.596,0.627,0.966
148,84.302,0.884,1.115,0.897,0.968
149,116.239,0.848,1.193,0.838,0.965
150,20.486,0.767,1.156,0.865,0.904
151,41.403,0.889,1.226,0.816,0.959
152,25.521,0.513,1.170,0.854,0.856
153,15.566,0.521,1.415,0.707,0.815
154,77.886,0.728,2.010,0.498,0.943
155,82.115,0.883,1.282,0.780,0.972
156,78.087,0.855,1.354,0.739,0.962
157,67.010,0.852,1.390,0.720,0.964
158,62.119,0.882,1.208,0.828,0.965
159,55.674,0.886,1.104,0.906,0.959
160,126.626,0.849,1.464,0.683,0.975
161,182.069,0.866,1.198,0.834,0.968
162,74.030,0.845,1.478,0.677,0.967
163,29.606,0.716,1.586,0.630,0.922
164,76.361,0.731,1.515,0.660,0.941
165,63.529,0.829,1.191,0.840,0.960
166,79.267,0.775,1.687,0.593,0.952
167,64.679,0.836,1.328,0.753,0.960
168,106.313,0.771,1.584,0.631,0.960
169,19.651,0.633,1.558,0.642,0.842
170,25.751,0.706,1.528,0.655,0.892
171,58.666,0.896,1.198,0.835,0.970
172,76.591,0.864,1.293,0.773,0.964
173,65.686,0.865,1.032,0.969,0.954
174,56.623,0.856,1.333,0.750,0.960
175,23.161,0.793,1.319,0.758,0.915
176,198.642,0.763,1.121,0.892,0.954
177,96.588,0.855,1.236,0.809,0.965
178,109.823,0.704,2.027,0.493,0.945
179,62.032,0.565,1.629,0.614,0.890
180,23.708,0.564,1.443,0.693,0.829
181,42.525,0.659,1.429,0.700,0.886
182,26.125,0.722,1.210,0.826,0.899
183,59.443,0.892,1.241,0.806,0.969
184,107.435,0.847,1.249,0.801,0.971
185,127.805,0.894,1.172,0.853,0.977
186,19.277,0.677,1.700,0.588,0.889
187,129.215,0.788,1.366,0.732,0.954
188,57.055,0.727,1.672,0.598,0.933
189,62.982,0.884,1.186,0.843,0.963
190,18.731,0.595,1.431,0.699,0.836
191,53.832,0.830,1.627,0.615,0.964
192,90.689,0.531,1.080,0.926,0.854
193,48.625,0.716,1.209,0.827,0.916
194,75.987,0.832,1.101,0.908,0.952
195,65.082,0.733,1.632,0.613,0.949
196,147.830,0.850,1.500,0.667,0.977
197,24.917,0.754,1.502,0.666,0.904
198,54.322,0.873,1.119,0.893,0.956
199,75.411,0.875,1.311,0.763,0.968
200,79.929,0.892,1.250,0.800,0.975
201,52.221,0.579,2.128,0.470,0.886
202,81.482,0.870,1.343,0.745,0.969
203,118.857,0.860,1.423,0.703,0.976
204,41.115,0.566,1.125,0.889,0.851
205,68.938,0.603,1.224,0.817,0.907
206,39.792,0.577,1.100,0.909,0.848
207,96.444,0.872,1.303,0.767,0.971
208,65.945,0.868,1.303,0.767,0.967
209,122.137,0.813,1.478,0.677,0.959
210,47.762,0.812,1.404,0.712,0.944
211,67.528,0.867,1.466,0.682,0.970
212,85.654,0.797,1.489,0.671,0.963
213,28.801,0.561,1.521,0.657,0.828
214,127.949,0.844,1.067,0.937,0.959
215,75.584,0.857,1.325,0.755,0.962
216,92.818,0.760,1.357,0.737,0.941
217,41.144,0.740,1.406,0.711,0.921
218,20.543,0.717,1.192,0.839,0.900
219,90.402,0.850,1.315,0.760,0.965
220,78.634,0.830,1.569,0.637,0.967
221,85.827,0.886,1.196,0.836,0.966
222,160.720,0.695,1.587,0.630,0.936
223,64.420,0.734,1.457,0.686,0.920
224,66.291,0.818,1.493,0.670,0.952
225,30.038,0.709,1.724,0.580,0.909
226,47.215,0.523,1.216,0.822,0.893
227,114.800,0.670,1.530,0.653,0.941
228,168.604,0.862,1.152,0.868,0.970
229,58.407,0.636,1.652,0.605,0.912
230,58.666,0.843,1.411,0.709,0.958
231,26.585,0.760,1.140,0.877,0.909
232,88.877,0.878,1.171,0.854,0.968
233,100.011,0.577,1.290,0.775,0.894
234,54.868,0.882,1.110,0.900,0.962
235,55.444,0.724,1.591,0.629,0.935
236,109.190,0.900,1.044,0.957,0.976
237,65.945,0.638,1.490,0.671,0.926
238,100.529,0.843,1.543,0.648,0.966
239,63.615,0.835,1.397,0.716,0.963
240,60.910,0.791,1.613,0.620,0.951
241,159.742,0.882,1.133,0.883,0.974
242,111.664,0.894,1.157,0.864,0.974
243,22.701,0.561,1.831,0.546,0.858
244,73.714,0.694,1.337,0.748,0.913
245,131.488,0.904,1.022,0.978,0.978
246,54.350,0.775,1.344,0.744,0.936
247,157.843,0.791,1.772,0.564,0.972
248,29.808,0.698,1.353,0.739,0.895
249,148.147,0.793,1.604,0.623,0.952
250,20.658,0.550,1.254,0.797,0.787
251,77.915,0.843,1.338,0.747,0.958
252,72.505,0.891,1.181,0.847,0.972
253,86.028,0.867,1.331,0.751,0.972
254,48.452,0.895,1.162,0.861,0.962
255,63.413,0.781,1.109,0.902,0.936
256,20.025,0.523,1.170,0.855,0.797
257,55.242,0.822,1.084,0.923,0.942
258,95.322,0.810,1.472,0.679,0.954
259,93.394,0.869,1.287,0.777,0.960
260,52.279,0.568,1.310,0.763,0.859
261,36.281,0.663,1.698,0.589,0.893
262,46.467,0.680,1.264,0.791,0.928
263,30.211,0.560,1.509,0.663,0.830
264,68.535,0.878,1.052,0.951,0.971
265,124.813,0.865,1.222,0.818,0.960
266,132.063,0.860,1.284,0.779,0.972
267,74.606,0.673,2.052,0.487,0.916
268,70.722,0.858,1.051,0.951,0.957
269,105.823,0.737,1.161,0.861,0.931
270,94.919,0.646,1.735,0.577,0.932
271,112.096,0.634,1.726,0.579,0.920
272,176.833,0.543,1.123,0.891,0.900
273,166.216,0.888,1.175,0.851,0.978
274,88.330,0.826,1.511,0.662,0.966
275,41.058,0.822,1.090,0.918,0.941
276,133.502,0.867,1.342,0.745,0.977
277,43.647,0.593,1.161,0.861,0.891
278,166.762,0.801,1.465,0.682,0.962
279,181.436,0.881,1.076,0.930,0.977
280,139.113,0.746,1.109,0.902,0.933
281,101.709,0.870,1.204,0.830,0.970
282,50.811,0.826,1.386,0.722,0.949
283,21.752,0.563,1.459,0.685,0.801
284,82.058,0.836,1.161,0.861,0.963
285,134.193,0.887,1.166,0.857,0.977
286,64.392,0.855,1.194,0.838,0.954
287,160.490,0.860,1.150,0.869,0.967
288,113.851,0.873,1.181,0.847,0.975
289,25.492,0.628,1.243,0.805,0.859
290,94.660,0.745,1.850,0.540,0.945
291,84.762,0.675,1.555,0.643,0.937
292,173.610,0.882,1.168,0.856,0.977
293,70.923,0.889,1.270,0.788,0.970
294,171.798,0.612,1.245,0.803,0.898
295,179.451,0.659,1.738,0.575,0.933
296,72.793,0.843,1.366,0.732,0.965
297,79.842,0.853,1.273,0.786,0.961
298,37.835,0.683,1.352,0.740,0.887
299,67.010,0.795,1.428,0.700,0.954
300,124.611,0.785,1.471,0.680,0.963
301,158.649,0.778,1.437,0.696,0.960
302,55.703,0.884,1.031,0.970,0.959
303,83.496,0.877,1.183,0.845,0.970
304,139.976,0.833,1.537,0.651,0.975
305,28.513,0.697,1.357,0.737,0.896
306,18.990,0.637,1.520,0.658,0.843
307,34.526,0.765,1.622,0.616,0.922
308,65.974,0.860,1.372,0.729,0.965
309,26.700,0.501,1.410,0.709,0.739
310,151.974,0.666,1.372,0.729,0.935
311,96.098,0.820,1.464,0.683,0.970
312,54.005,0.754,1.057,0.946,0.935
313,133.301,0.894,1.044,0.958,0.975
314,135.084,0.874,1.179,0.848,0.972
315,61.112,0.625,1.745,0.573,0.897
316,91.955,0.503,1.574,0.635,0.846
317,81.137,0.837,1.109,0.902,0.950
318,76.275,0.845,1.330,0.752,0.959
319,17.896,0.580,1.371,0.730,0.825
320,87.841,0.730,1.567,0.638,0.949
321,39.648,0.575,1.252,0.799,0.896
322,140.868,0.715,1.181,0.847,0.936
323,20.802,0.732,1.237,0.808,0.890
324,23.766,0.660,1.352,0.740,0.885
325,81.367,0.797,1.535,0.651,0.955
326,178.156,0.894,1.042,0.960,0.978
327,67.931,0.891,1.073,0.932,0.970
328,16.688,0.712,1.065,0.939,0.873
329,27.650,0.646,1.541,0.649,0.880
330,112.240,0.873,1.403,0.713,0.976
331,88.503,0.633,1.410,0.709,0.932
332,122.540,0.834,1.298,0.771,0.963
333,26.614,0.581,1.679,0.596,0.873
334,103.924,0.802,1.202,0.832,0.950
335,122.684,0.885,1.258,0.795,0.976
336,125.417,0.846,1.195,0.837,0.969
337,66.665,0.862,1.342,0.745,0.967
338,53.631,0.637,1.518,0.659,0.894
339,17.896,0.766,1.701,0.588,0.953
340,88.963,0.856,1.345,0.743,0.970
341,66.607,0.871,1.314,0.761,0.969
342,21.723,0.819,1.312,0.762,0.961
343,152.866,0.832,1.301,0.769,0.969
344,158.246,0.843,1.439,0.695,0.974
345,138.623,0.775,1.241,0.806,0.950
346,77.454,0.743,1.739,0.575,0.951
347,31.707,0.784,1.571,0.636,0.950
348,41.374,0.706,1.364,0.733,0.916
349,146.823,0.881,1.182,0.846,0.977
350,104.212,0.884,1.251,0.799,0.977
351,154.908,0.710,1.140,0.877,0.942
352,34.325,0.607,1.857,0.539,0.886
353,85.136,0.791,1.422,0.703,0.950
354,30.613,0.570,1.360,0.735,0.828
355,19.910,0.569,1.242,0.805,0.798
356,18.241,0.722,1.510,0.662,0.900
357,203.533,0.500,1.229,0.813,0.899
358,156.922,0.806,1.539,0.650,0.969
359,127.000,0.807,1.405,0.712,0.958
360,16.084,0.719,1.478,0.677,0.891
361,183.680,0.788,1.474,0.678,0.964
362,157.642,0.886,1.185,0.844,0.976
363,141.558,0.844,1.048,0.954,0.968
364,83.583,0.907,1.049,0.953,0.974
365,107.032,0.573,1.318,0.759,0.878
366,124.755,0.758,1.607,0.622,0.962
367,69.168,0.777,1.201,0.833,0.950
368,65.082,0.792,1.246,0.803,0.957
369,17.350,0.742,1.485,0.673,0.902
370,127.834,0.869,1.188,0.842,0.970
371,60.364,0.740,1.354,0.739,0.944
372,22.413,0.625,1.182,0.846,0.867
